Basic commands in mysql -------

create database database_name;     ---- use to create new database
db;                                ---- use to show current database that we use
use database_name;                 ---- use to select database  
show databases;                    ---- show all databases
show tables;                       ---- show all tables in the selected database
create table table_name;           ---- use to create new table in the current database
select*from table_name;            -----  * - all data      
select colunm_name from table_name; ----- colunm_name means which colunm_name data you want to seen
select*from table_name where id=1;  ----- where cluse use to define conditions , id=1 ka pura data dikha dega 
select*from table_name where name = "preeti"; ---- this command is use to see the data of name = preeti

logical oprator in mysql --------

select*from table_name where Age = 20 AND Age = 22 ; ---- vhi data show karega jiski age 20 and 22 hogi
select*from table_name where Age = 33 OR Age = 21 ;  ---- data show hoga jiski age yato 33 hogi ya firr 21
select Education from table_name where Percentage = 80; ---- 80 percentage vale logo ki education show krdega
select*from table_name where Percentage>60 AND Percentage<90; ---- ye command 60 se upr and 90 se niche jiske percentage hai unka data hi show karegi
select*from table_name where name="preeti" OR name = "priya"; ---- percentage ye command ya to preeti or priya dono ka data show karegi ya firr jo milega uska data show karegi
select*from table_name where name != "priya"; ---- ye sara data show krega sivye priya naame ka data , priya name ka data nhi krega show
select*from table_name where Percentage>=60 AND Percentage<=90; ye 60 or 60 se jada percentage and 90 or 90 se jada percentage vala data show karega

IN and NOT IN oprator in mysql --------- work like OR oprator 

select*from table_name where id IN (3,5,8,1,22,11); ---- ye id = 3,5,8,1,22,11 in sbka data show karega or jinka ni hoga unka ni show hoga
select*from table_name where id NOT IN (3,5,8,1,22,11); ---- ye id = 3,5,8,1,22,11 in sbka data nhi show karega

order by statement in mysql --------  use to arrange data in ascending or descending order

select*from table_name order by name ; ---- it show all the data in the acsending order name col ke according
select*from table_name order by name desc ; ---- it show all the data in the descending order
select *from std_info where Education= 'bsc' order by name ; ---- jinki education bsc hogi unko arrange kr dega ascending order by name ke hisab se data arrange hoga 
select *from std_info where Education= 'bsc' order by name desc; ---- isme bhi data arrange hoga descending order me name ke according
select *from std_info where Education= 'bsc' order by Age desc; ---- age desc order me arrange hogi Age colunm se
select distinct Age from std_info order by Age; ---- order by with distinct
select distinct Age from std_info; ---- distinct statement - use to find all distinct values without any dublicity from colunm_name

BETWEEN and NOT BETWEEN oprator in mysql ------- use for range 

select*from table_name where Percentage BETWEEN 55 AND 77 ; ---- itt show the range BETWEEN 55-77 inke beech ka data show karega
select name from table_name where Percentage NOT BETWEEN 55 AND 77; ---- 55-77 ke bich ka data nhi show karega
select*from table_name where Name BETWEEN "a" AND "g"; ---- it search between the range a-g first letter of name and show data
select*from table_name where Name BETWEEN "anil" AND " komal" ---- same it also show between the range a-k first letter of name 

LIKE oprator in mysql ------- use for searching

select*from table_name where Name LIKE 'a%'; ---- it means name started with a and % - aage ke charcter a se jo naam start ho rhe h unka data show krega
select*from table_name where Name LIKE '%a'; ---- it means name ends with a  it show tha data of that name , the ends with aage
select*from table_name where Name LIKE '%a%'; ---- means a in between the name , a at any position in the name
select*from table_name where Name LIKE '%ee%'; ---- ee at any position , % multiple, one , 0  charcter 
select*from table_name where Name LIKE '_a'; ---- means of _ if single charcter , a in the 2nd position in the name
select*from table_name where Name LIKE '_a%'; ---- a at 2nd position 
select*from table_name where Name LIKE '__a'; ---- a at 3rd position
select*from table_name where Name NOT LIKE ' a%'; ---- jo naam a start ho rahe use search nhi karega
select*from table_name where Name BINARY LIKE 'a%'; ---- BINARY mtlb case sensitive 'a%' vo bas a-small a se hi search karega

Regular expressions in mysql ------ use for multiple searching

select*from std_info where mobile_number regexp '483'; ---- search the number that have 483
select*from std_info where Name regexp 'g'; ---- search string that have g charcter
select*from std_info where Name regexp 'so'; ---- search all the strings that have s or o
select*from std_info where Name regexp '^son'; ---- search the string(name) started with son
select*from std_info where Name regexp '^s'; ---- search the string (name) started with s charcter
select*from std_info where Name regexp '[gsi]'; ---- search any charcter in between the [] 
select*from std_info where Name regexp 'riya$'; ---- search tha strings that have riya at the end os the string
select*from std_info where Name regexp '^[nsyk]'; ---- search all the name that have n,s,y,k any of them at the starting
select*from std_info where Name regexp '[knmsyiou]$'; ---- search all the name that have k,n,m,s,y,i,o,u any of them at tha end
select*from std_info where Name regexp 'p[ri]'; ---- search by combination pri in the string
select*from std_info where Name regexp 'p[ri,ya]'; ---- search by combination pri , pya in the string
select*from std_info where Name regexp 'pa|y|u|ri'; ---- search by multiple combination,pettern
select*from std_info where Name regexp '[a-z]i'; ---- search with range and combinations

IS NULL and IS NOT NULL oprator in mysql ---- 

select*from std_info where Address is null; ---- this command use to find all the data where Address is null in the table
select*from std_info where mobile_number is null; ---- this command find all data where mobile_number is null
select*from std_info where Address is not null; ---- find all the data where Address is not null
select Name from std_info where mobile_number is null; ---- find all the names where mobile_number is null

LIMIT and OFFSET in mysql ---- these are use in pagination , we can show data in limit and we can set the limit where the limit is started

select*from std_info limit 0,3; ---- limit is 3 and started from 0 - OFFSET=0 , show 3 data
select*from std_info limit 3,3; ---- limit is 3 and limit started from 4th position becuse OFFSET=3
select*from std_info limit 4,2; ---- limit is 2 and limit started from 5th position
select*from std_info limit 6,4; ---- limit is 4 and limit started from 7th position
select*from std_info where Education = 'bsc' limit 0,2; ---- limit is 2 and limit started from 0 position where age<26
select*From std_info where Age<26 limit 2,2; ---- limit is 2 and limit started from 3rd position where age<26
select*From std_info where Age>30 limit 4,3; ---- limit is 3 and limit started from 5th position where age>30
select*From std_info where Age=21 limit 0,3; ---- limit is 3 and limit started from 0 where age=21

aggregate functions in mysql ----- count , sum , max , min , avg  and AS = alice

select count(Name) from std_info;
select count(Distinct Education) from std_info;
select count(Name) from std_info where Name = 'priya';
select count(Percentage) from std_info ;
select count(Percentage) as total_count from std_info ;
select sum(Percentage) as total_sum from std_info where Percentage>70;
select max(Percentage) as maximum_percentage_of_bsc_std from std_info where Education='bsc';
select min(Percentage) as maximum_percentage_of_bsc_std from std_info where Education='bsc';
select avg(Percentage) as maximum_percentage_of_bsc_std from std_info where Education='bsc';
+-------------------------------+
| maximum_percentage_of_bsc_std |
+-------------------------------+
|                       64.3333 |
+-------------------------------+

select max(Percentage) as Percentage, Name, Age, Education from std_info ;
+------------+------+------+-----------+
| Percentage | Name | Age  | Education |
+------------+------+------+-----------+
|         90 | kank |   21 | bsc       |
+------------+------+------+-----------+

select max(Percentage) as Percentage, Name, Age, Education,id,Email_id from std_info ;
+------------+------+------+-----------+------+----------------+
| Percentage | Name | Age  | Education | id   | Email_id       |
+------------+------+------+-----------+------+----------------+
|         90 | kank |   21 | bsc       |   21 | kank@gmail.com |
+------------+------+------+-----------+------+----------------+

update command in mysql -----

Query OK, 5 rows affected (0.004 sec)
Rows matched: 5  Changed: 5  Warnings: 0

update std_info set Name = "lalita" where id= 23; 
update std_info set Name="mohika",Percentage=73 where id = 70;
update std_info set Address = "fgjsdfi4f" where id in (29,61,74);
update std_info set Address= "none" where address is null;
update std_info set Address= "none" where id = 26 AND 63;
update std_info set Address= "hello" where address is null;
update std_info set Address = "this is new address" where Age BETWEEN 19 and 20 ;
update std_info set Education="bpharma" where Name LIKE 'p%';

ROllback and commit command ---- we can use this command for ROllback update,insert, delete 

delete command in mysql -----

delete from std_info where id=77;
delete from std_info where id in (65,74);
delete from std_info where Age>30;
delete from std_info where Name = "g" ; ----- Query OK, 1 row affected (0.002 sec) 

list of constrains(restiction in the colunms) on mysql ---- that we use at the time of insert table

NOT NULL -- we use this when we want that this colunm does not take null 
UNIQUE   -- if we want UNIQUE values in the colunm
DEFAULT  -- if we want to set any DEFAULT value in the perticuler colunm
CHECK    -- if we want put condition for the user like CHECK(Age>18)
PRIMARY KEY -- this key identify records with unique key called primary key
FOREIGN KEY -- if we use primary key of diffrent table in other table then the key is called FOREIGN key

create table command with constrains in mysql-----

create table basic_details(
    -> id int not null auto_increment primary key,
    -> FullName varchar(50) default null,
    -> Email_id varchar(50) unique,
    -> Phone_number bigint unique not null,
    -> Date_of_birth bigint,
    -> Address varchar(100) not null,
    -> City varchar(50),
    -> Age int not null check(Age>18),
    -> Degree varchar(30) not null
    -> );
Query OK, 0 rows affected (0.037 sec)

create table Education(
    -> E_id int not null,
    -> Degree varchar(30) not null
    -> );
Query OK, 0 rows affected (0.026 sec)

how to add foreign key in table ------  and alter command

alter table basic_details add foreign key(univercity) references university(uid);
table 1 ---- basic_details
+---------------+--------------+------+-----+---------+----------------+
| Field         | Type         | Null | Key | Default | Extra          |
+---------------+--------------+------+-----+---------+----------------+
| id            | int(11)      | NO   | PRI | NULL    | auto_increment |
| FullName      | varchar(50)  | YES  |     | NULL    |                |
| Email_id      | varchar(50)  | YES  | UNI | NULL    |                |
| Phone_number  | bigint(20)   | NO   | UNI | NULL    |                |
| Date_of_birth | bigint(20)   | YES  |     | NULL    |                |
| Address       | varchar(100) | NO   |     | NULL    |                |
| City          | varchar(50)  | YES  |     | NULL    |                |
| Age           | int(11)      | NO   |     | NULL    |                |
| Degree        | varchar(30)  | NO   |     | NULL    |                |
| univercity    | int(11)      | NO   | MUL | NULL    |                |
+---------------+--------------+------+-----+---------+----------------+
table 2 ---- university
+-----+------------+
| uid | univercity |
+-----+------------+
|  11 | davv       |
|  13 | davv       |
|  54 | rgpv       |
|  66 | medicaps   |
+-----+------------+

+----+--------------+------------------+--------------+---------------+-------------+-------+-----+--------+------------+
| id | FullName     | Email_id         | Phone_number | Date_of_birth | Address     | City  | Age | Degree | univercity |
+----+--------------+------------------+--------------+---------------+-------------+-------+-----+--------+------------+
|  1 | preeti yadav | preeti@gmail.com |   6798798609 |             0 | jsgddadlasd | indoe |  23 | ug     |         11 |
|  2 | niya sharma  | niya@gmail.com   |   6768989898 |             0 | ddwfcwef    | fewwe |  41 | pg     |         66 |
+----+--------------+------------------+--------------+---------------+-------------+-------+-----+--------+------------+

inner join in mysql ----- jo data sari tables me comman hoga vhi data select krega 

select*from basic_details inner join university on basic_details.univercity=university.uid;

+----+--------------+------------------+--------------+---------------+-------------+-------+-----+--------+------------+-----+------------+
| id | FullName     | Email_id         | Phone_number | Date_of_birth | Address     | City  | Age | Degree | univercity | uid | univercity |
+----+--------------+------------------+--------------+---------------+-------------+-------+-----+--------+------------+-----+------------+
|  1 | preeti yadav | preeti@gmail.com |   6798798609 |             0 | jsgddadlasd | indoe |  23 | ug     |         11 |  11 | davv       |
|  2 | niya sharma  | niya@gmail.com   |   6768989898 |             0 | ddwfcwef    | fewwe |  41 | pg     |         66 |  66 | medicaps   |
+----+--------------+------------------+--------------+---------------+-------------+-------+-----+--------+------------+-----+------------+

select bd.id,bd.FullName,bd.Email_id,bd.Phone_number,bd.Date_of_birth,bd.Address,bd.City,bd.Age,bd.Degree,u.univercity
    -> from basic_details bd inner join university u on bd.univercity=u.uid;

+----+--------------+------------------+--------------+---------------+-------------+-------+-----+--------+------------+
| id | FullName     | Email_id         | Phone_number | Date_of_birth | Address     | City  | Age | Degree | univercity |
+----+--------------+------------------+--------------+---------------+-------------+-------+-----+--------+------------+
|  1 | preeti yadav | preeti@gmail.com |   6798798609 |             0 | jsgddadlasd | indoe |  23 | ug     | davv       |
|  2 | niya sharma  | niya@gmail.com   |   6768989898 |             0 | ddwfcwef    | fewwe |  41 | pg     | medicaps   |
+----+--------------+------------------+--------------+---------------+-------------+-------+-----+--------+------------+

 select bd.id,bd.FullName,bd.Email_id,bd.Phone_number,bd.Date_of_birth,bd.Address,bd.City,bd.Age,bd.Degree,u.univercity
    -> from basic_details bd inner join university u on bd.univercity=u.uid where FullName="preeti yadav";

+----+--------------+------------------+--------------+---------------+-------------+-------+-----+--------+------------+
| id | FullName     | Email_id         | Phone_number | Date_of_birth | Address     | City  | Age | Degree | univercity |
+----+--------------+------------------+--------------+---------------+-------------+-------+-----+--------+------------+
|  1 | preeti yadav | preeti@gmail.com |   6798798609 |             0 | jsgddadlasd | indoe |  23 | ug     | davv       |
+----+--------------+------------------+--------------+---------------+-------------+-------+-----+--------+------------+

select bd.id,bd.FullName,bd.Email_id,bd.Phone_number,bd.Date_of_birth,bd.Address,bd.City,bd.Age,bd.Degree,u.univercity
    -> from basic_details bd inner join university u on bd.univercity=u.uid order by FullName;

+----+--------------+------------------+--------------+---------------+-------------+-------+-----+--------+------------+
| id | FullName     | Email_id         | Phone_number | Date_of_birth | Address     | City  | Age | Degree | univercity |
+----+--------------+------------------+--------------+---------------+-------------+-------+-----+--------+------------+
|  2 | niya sharma  | niya@gmail.com   |   6768989898 |             0 | ddwfcwef    | fewwe |  41 | pg     | medicaps   |
|  1 | preeti yadav | preeti@gmail.com |   6798798609 |             0 | jsgddadlasd | indoe |  23 | ug     | davv       |
+----+--------------+------------------+--------------+---------------+-------------+-------+-----+--------+------------+



insert into basic_details(id,FullName,Email_id,Phone_number,Date_of_birth,Address,City,Age,Degree,univercity)
values
(3,"arti yadav","arti@gmail.com",679878978799,22/2/2222,"jsgddadlasd","indoe",23,"pg",13),
(4,"soniya","soniya@gmail.com",67987899,22/2/2222,"jsgddadljddsd","indoe",23,"pg",54),
(5,"shalu","shalu@gmail.com",3367987899,22/2/2222,"jsgddadljddsd","indoe",23,"pg",54),
(6,"shalu","mo@gmail.com",3388987899,22/2/2222,"jsgddadljddsd","indoe",23,"pg",0),
(7,"monu","monu@gmail.com",3388899,22/2/2222,"jsgddadljddsd","indoe",23,"pg",66);

select*from university; ------ main table parent table (uid - primary key)
+-----+------------+---------+--------+
| uid | univercity | collage | course |
+-----+------------+---------+--------+
|   0 |            | svim    | NULL   |
|  11 | davv       | ipsa    | NULL   |
|  13 | davv       | ipsa    | NULL   |
|  54 | rgpv       | ipsa    | NULL   |
|  66 | medicaps   | ipsa    | NULL   |
+-----+------------+---------+--------+

 select*from table3;   ------ 1 child table of main table (university) ( uid - foreign key)
+-----+------+------------+-----------------+----+
| uid | ug   | percentage | year_of_passing | id |
+-----+------+------------+-----------------+----+
|  11 | bsc  |         71 |            2020 |  1 |
|  13 | bca  |         77 |            2021 |  2 |
+-----+------+------------+-----------------+----+

 select*from table4;  ----- 2 child table of main table  (university) (uid - foreign key)
+----+------+-----+
| id | pg   | uid |
+----+------+-----+
|  1 | mca  |  54 |
|  2 | msc  |  66 |
|  3 | mca  |  11 |
|  4 | mba  |  13 |
+----+------+-----+

 select*from university u inner join table3 t on u.uid = t.uid
    -> inner join table4 t4 on u.uid = t4.uid ;
+-----+------------+---------+--------+-----+------+------------+-----------------+----+----+------+-----+
| uid | univercity | collage | course | uid | ug   | percentage | year_of_passing | id | id | pg   | uid |
+-----+------------+---------+--------+-----+------+------------+-----------------+----+----+------+-----+
|  11 | davv       | ipsa    | NULL   |  11 | bsc  |         71 |            2020 |  1 |  3 | mca  |  11 |
|  13 | davv       | ipsa    | NULL   |  13 | bca  |         77 |            2021 |  2 |  4 | mba  |  13 |
+-----+------------+---------+--------+-----+------+------------+-----------------+----+----+------+-----+
2 rows in set (0.001 sec)

insert into table3 (uid,ug,percentage,year_of_passing,id) values (54,"bba",88,2019,3),(66,"bsc",78,2018,4);
Query OK, 2 rows affected (0.003 sec)
Records: 2  Duplicates: 0  Warnings: 0

MariaDB [practice]> select*from table3;
+-----+------+------------+-----------------+----+
| uid | ug   | percentage | year_of_passing | id |
+-----+------+------------+-----------------+----+
|  11 | bsc  |         71 |            2020 |  1 |
|  13 | bca  |         77 |            2021 |  2 |
|  54 | bba  |         88 |            2019 |  3 |
|  66 | bsc  |         78 |            2018 |  4 |
+-----+------+------------+-----------------+----+
4 rows in set (0.000 sec)

 select*from university u inner join table3 t on u.uid = t.uid
    -> inner join table4 t4 on u.uid = t4.uid;
+-----+------------+---------+--------+-----+------+------------+-----------------+----+----+------+-----+
| uid | univercity | collage | course | uid | ug   | percentage | year_of_passing | id | id | pg   | uid |
+-----+------------+---------+--------+-----+------+------------+-----------------+----+----+------+-----+
|  54 | rgpv       | ipsa    | NULL   |  54 | bba  |         88 |            2019 |  3 |  1 | mca  |  54 |
|  66 | medicaps   | ipsa    | NULL   |  66 | bsc  |         78 |            2018 |  4 |  2 | msc  |  66 |
|  11 | davv       | ipsa    | NULL   |  11 | bsc  |         71 |            2020 |  1 |  3 | mca  |  11 |
|  13 | davv       | ipsa    | NULL   |  13 | bca  |         77 |            2021 |  2 |  4 | mba  |  13 |
+-----+------------+---------+--------+-----+------+------------+-----------------+----+----+------+-----+
4 rows in set (0.001 sec)

select*from university u inner join table3 t on u.uid = t.uid
    -> inner join table4 t4 on u.uid = t4.uid where t4.uid=66;
+-----+------------+---------+--------+-----+------+------------+-----------------+----+----+------+-----+
| uid | univercity | collage | course | uid | ug   | percentage | year_of_passing | id | id | pg   | uid |
+-----+------------+---------+--------+-----+------+------------+-----------------+----+----+------+-----+
|  66 | medicaps   | ipsa    | NULL   |  66 | bsc  |         78 |            2018 |  4 |  2 | msc  |  66 |
+-----+------------+---------+--------+-----+------+------------+-----------------+----+----+------+-----+
1 row in set (0.001 sec)

select*from university u inner join table3 t on u.uid = t.uid
    -> inner join table4 t4 on u.uid = t4.uid order by t4.uid ;
+-----+------------+---------+--------+-----+------+------------+-----------------+----+----+------+-----+
| uid | univercity | collage | course | uid | ug   | percentage | year_of_passing | id | id | pg   | uid |
+-----+------------+---------+--------+-----+------+------------+-----------------+----+----+------+-----+
|  11 | davv       | ipsa    | NULL   |  11 | bsc  |         71 |            2020 |  1 |  3 | mca  |  11 |
|  13 | davv       | ipsa    | NULL   |  13 | bca  |         77 |            2021 |  2 |  4 | mba  |  13 |
|  54 | rgpv       | ipsa    | NULL   |  54 | bba  |         88 |            2019 |  3 |  1 | mca  |  54 |
|  66 | medicaps   | ipsa    | NULL   |  66 | bsc  |         78 |            2018 |  4 |  2 | msc  |  66 |
+-----+------------+---------+--------+-----+------+------------+-----------------+----+----+------+-----+
4 rows in set (0.001 sec)

select*from university u inner join table3 t on u.uid = t.uid
    -> inner join table4 t4 on u.uid = t4.uid where t.percentage >72;
+-----+------------+---------+--------+-----+------+------------+-----------------+----+----+------+-----+
| uid | univercity | collage | course | uid | ug   | percentage | year_of_passing | id | id | pg   | uid |
+-----+------------+---------+--------+-----+------+------------+-----------------+----+----+------+-----+
|  54 | rgpv       | ipsa    | NULL   |  54 | bba  |         88 |            2019 |  3 |  1 | mca  |  54 |
|  66 | medicaps   | ipsa    | NULL   |  66 | bsc  |         78 |            2018 |  4 |  2 | msc  |  66 |
|  13 | davv       | ipsa    | NULL   |  13 | bca  |         77 |            2021 |  2 |  4 | mba  |  13 |
+-----+------------+---------+--------+-----+------+------------+-----------------+----+----+------+-----+
3 rows in set (0.001 sec)

select*from university u inner join table3 t on u.uid = t.uid
    -> inner join table4 t4 on u.uid = t4.uid where t.percentage >72 order by t.uid;
+-----+------------+---------+--------+-----+------+------------+-----------------+----+----+------+-----+
| uid | univercity | collage | course | uid | ug   | percentage | year_of_passing | id | id | pg   | uid |
+-----+------------+---------+--------+-----+------+------------+-----------------+----+----+------+-----+
|  13 | davv       | ipsa    | NULL   |  13 | bca  |         77 |            2021 |  2 |  4 | mba  |  13 |
|  54 | rgpv       | ipsa    | NULL   |  54 | bba  |         88 |            2019 |  3 |  1 | mca  |  54 |
|  66 | medicaps   | ipsa    | NULL   |  66 | bsc  |         78 |            2018 |  4 |  2 | msc  |  66 |
+-----+------------+---------+--------+-----+------+------------+-----------------+----+----+------+-----+
3 rows in set (0.001 sec)

alter table pg_percentage add foreign key(uid) references university(uid);
Query OK, 1 row affected (0.166 sec)
Records: 1  Duplicates: 0  Warnings: 0

MariaDB [practice]> desc pg_percentage;
+---------------+---------+------+-----+---------+----------------+
| Field         | Type    | Null | Key | Default | Extra          |
+---------------+---------+------+-----+---------+----------------+
| pid           | int(11) | NO   | PRI | NULL    | auto_increment |
| pg_percentage | int(11) | YES  |     | NULL    |                |
| id            | int(11) | NO   | MUL | NULL    |                |
| uid           | int(11) | NO   | MUL | NULL    |                |
+---------------+---------+------+-----+---------+----------------+

left join in mysql  ----- first table is left table this command select comman records as well as all data of left table

select*from table4 t4 left join pg_percentage pg on t4.id = pg.id;
+----+------+-----+------+---------------+------+------+
| id | pg   | uid | pid  | pg_percentage | id   | uid  |
+----+------+-----+------+---------------+------+------+
|  1 | mca  |  54 |    4 |            77 |    1 |    0 |
|  2 | msc  |  66 | NULL |          NULL | NULL | NULL |
|  3 | mca  |  11 | NULL |          NULL | NULL | NULL |
|  4 | mba  |  13 | NULL |          NULL | NULL | NULL |
+----+------+-----+------+---------------+------+------+
4 rows in set (0.001 sec)

select*from university u left join pg_percentage pg on u.uid = pg.uid;
+-----+------------+---------+--------+------+---------------+------+------+
| uid | univercity | collage | course | pid  | pg_percentage | id   | uid  |
+-----+------------+---------+--------+------+---------------+------+------+
|   0 |            | svim    | NULL   |    4 |            77 |    1 |    0 |
|  11 | davv       | ipsa    | NULL   | NULL |          NULL | NULL | NULL |
|  13 | davv       | ipsa    | NULL   | NULL |          NULL | NULL | NULL |
|  54 | rgpv       | ipsa    | NULL   | NULL |          NULL | NULL | NULL |
|  66 | medicaps   | ipsa    | NULL   | NULL |          NULL | NULL | NULL |
+-----+------------+---------+--------+------+---------------+------+------+
5 rows in set (0.002 sec)

select*from university u left join pg_percentage pg on u.uid = pg.uid
    -> left join table3 t on u.uid = t.uid
    -> left join table4 t4 on u.uid = t4.uid;

right join in mysql -----  the 2nd table is right table it select comman records and right table data(all)

select*from university u right join pg_percentage pg on u.uid = pg.uid;
    
select* from university u right join table3 t on u.uid = t.uid;

group by and having clause ----- group by clause is always use with aggregate functions and having is always used after by group by clause 
                                 and where clause is always used before group by clause 

select univercity,count(univercity) from university where univercity is not null group by univercity;
+------------+-------------------+
| univercity | count(univercity) |
+------------+-------------------+
|            |                 1 |
| davv       |                 2 |
| medicaps   |                 1 |
| rgpv       |                 1 |
+------------+-------------------+

 select t.ug ,count(t.ug) from university u inner join table3 t on u.uid = t.uid group by t.ug;
+------+-------------+
| ug   | count(t.ug) |
+------+-------------+
| bba  |           1 |
| bca  |           1 |
| bsc  |           2 |
+------+-------------+

select t.ug, count(t.ug) from university u inner join table3 t on u.uid = t.uid group by t.ug having count(t.ug)>1;
+------+-------------+
| ug   | count(t.ug) |
+------+-------------+
| bsc  |           2 |
+------+-------------+
1 row in set (0.001 sec)

select t.ug ,count(t.ug) from university u inner join table3 t on u.uid = t.uid group by t.ug order by t.ug desc;
+------+-------------+
| ug   | count(t.ug) |
+------+-------------+
| bsc  |           2 |
| bca  |           1 |
| bba  |           1 |
+------+-------------+
3 rows in set (0.001 sec)

Nested or subQuery , exists and not exists in mysql -----

select univercity from university where uid = (select uid from table3 where percentage=77);
+------------+
| univercity |
+------------+
| davv       |
+------------+

select univercity from university where uid = (select uid from table3 where percentage=71);
+------------+
| univercity |
+------------+
| davv       |
+------------+

 select univercity from university where uid = (select uid from table3 where percentage=78);
+------------+
| univercity |
+------------+
| medicaps   |
+------------+

 select univercity from university where uid in (select uid from table3 where percentage in (71,77,78,88));
+------------+
| univercity |
+------------+
| davv       |
| davv       |
| rgpv       |
| medicaps   |
+------------+

select*from university where uid in (select uid from table3 where percentage in (71,77,78,88));
+-----+------------+---------+--------+
| uid | univercity | collage | course |
+-----+------------+---------+--------+
|  11 | davv       | ipsa    | NULL   |
|  13 | davv       | ipsa    | NULL   |
|  54 | rgpv       | ipsa    | NULL   |
|  66 | medicaps   | ipsa    | NULL   |
+-----+------------+---------+--------+

select collage from university where exists (select uid from table3 where year_of_passing=2020);
+---------+
| collage |
+---------+
| svim    |
| ipsa    |
| ipsa    |
| ipsa    |
| ipsa    |
+---------+

 select collage from university where not exists (select uid from table3 where year_of_passing=2011);
+---------+
| collage |
+---------+
| svim    |
| ipsa    |
| ipsa    |
| ipsa    |
| ipsa    |
+---------+

select course from university where uid = (select uid from table3 where percentage=88);
+--------+
| course |
+--------+
| NULL   |
+--------+

----- vilations in referencing  (fk - table) and referenced table (pk - table) -------
1. vilation --- insertion  

insert into table3 (uid,ug,percentage,year_of_passing,id) values(11,"bsc",66,2020,5);
Query OK, 1 row affected (0.002 sec)

MariaDB [practice]> select*from table3;   ------- only when if uid is present in main table (university)
+-----+------+------------+-----------------+----+
| uid | ug   | percentage | year_of_passing | id |
+-----+------+------------+-----------------+----+
|  11 | bsc  |         71 |            2020 |  1 |
|  13 | bca  |         77 |            2021 |  2 |
|  54 | bba  |         88 |            2019 |  3 |
|  66 | bsc  |         78 |            2018 |  4 |
|  11 | bsc  |         66 |            2020 |  5 |
+-----+------+------------+-----------------+----+
------- if uid is not in main table then ERROR 1452 is occure -----
ERROR 1452 (23000): Cannot add or update a child row: a foreign key constraint fails 
(`practice`.`table3`, CONSTRAINT `table3_ibfk_1` FOREIGN KEY (`uid`) REFERENCES `university` (`uid`))

---------- we can insert into main table
 insert into university (uid,univercity,collage,course) values (22,"rgpv","svim","bba");
Query OK, 1 row affected (0.002 sec)

MariaDB [practice]> select*from university;
+-----+------------+---------+--------+
| uid | univercity | collage | course |
+-----+------------+---------+--------+
|   0 |            | svim    | NULL   |
|  11 | davv       | ipsa    | NULL   |
|  13 | davv       | ipsa    | mca    |
|  22 | rgpv       | svim    | bba    |
|  54 | rgpv       | ipsa    | NULL   |
|  66 | medicaps   | ipsa    | NULL   |
+-----+------------+---------+--------+

2. vilation --- deletion  

delete from university where uid=0;      ------- referenced table

ERROR 1451 (23000): Cannot delete or update a parent row: a foreign key constraint fails 
(`practice`.`pg_percentage`, CONSTRAINT `pg_percentage_ibfk_2` FOREIGN KEY (`uid`) REFERENCES `university` (`uid`))

 
delete from table3 where id=1;          --------- referencing table
Query OK, 1 row affected (0.002 sec)
 
 select*from table3;
+-----+------+------------+-----------------+----+
| uid | ug   | percentage | year_of_passing | id |
+-----+------+------------+-----------------+----+
|  13 | bca  |         77 |            2021 |  2 |
|  54 | bba  |         88 |            2019 |  3 |
|  66 | bsc  |         78 |            2018 |  4 |
|  11 | bsc  |         66 |            2020 |  5 |
+-----+------+------------+-----------------+----+
4 rows in set (0.000 sec)

MariaDB [practice]> update table3 set ug="bcom" where id=5;
Query OK, 1 row affected (0.002 sec)
Rows matched: 1  Changed: 1  Warnings: 0


3. updation vilation  ----

update university set course="mca" where uid=13;    ----------referencing table
Query OK, 0 rows affected (0.000 sec)
Rows matched: 1  Changed: 0  Warnings: 0

update table3 set ug="bcom" where uid=13;           ----------referenced table
Query OK, 1 row affected (0.002 sec)
Rows matched: 1  Changed: 1  Warnings: 0


union and union all in mysql -----

select uid,univercity from university union all select uid , ug from table3;
+-----+------------+
| uid | univercity |
+-----+------------+
|   0 |            |
|  11 | davv       |
|  13 | davv       |
|  22 | rgpv       |
|  54 | rgpv       |
|  66 | medicaps   |
|  13 | bcom       |
|  54 | bba        |
|  66 | bsc        |
|  11 | bcom       |
+-----+------------+

select uid,univercity from university where uid>15 union select uid , ug from table3 where uid > 11 ;
+-----+------------+
| uid | univercity |
+-----+------------+
|  22 | rgpv       |
|  54 | rgpv       |
|  66 | medicaps   |
|  13 | bcom       |
|  54 | bba        |
|  66 | bsc        |
+-----+------------+

select u.uid,u.univercity from university u inner join table4 t on u.uid = t.uid where u.uid < 50 ;
+-----+------------+
| uid | univercity |
+-----+------------+
|  11 | davv       |
|  13 | davv       |
+-----+------------+

select u.uid,u.univercity from university u inner join table4 t on u.uid = t.uid where u.uid > 50 ;
+-----+------------+
| uid | univercity |
+-----+------------+
|  54 | rgpv       |
|  66 | medicaps   |
+-----+------------+

select u.uid,u.univercity from university u inner join table3 t on u.uid = t.uid where u.uid < 50
    -> union
    -> select u.uid,u.univercity from university u inner join table4 t4 on u.uid = t4.uid where u.uid > 50 ;
+-----+------------+
| uid | univercity |
+-----+------------+
|  11 | davv       |
|  13 | davv       |
|  54 | rgpv       |
|  66 | medicaps   |
+-----+------------+

if and case clause in mysql -----

select uid, percentage , if(percentage>70 , "pass" , "fail") as result from table3;
+-----+------------+--------+
| uid | percentage | result |
+-----+------------+--------+
|  13 |         77 | pass   |
|  54 |         88 | pass   |
|  66 |         78 | pass   |
|  11 |         66 | fail   |
+-----+------------+--------+

select uid,percentage,case
    -> when percentage < 33 and percentage >60 then "B"
    -> else "A"
    -> end as grade
    -> from table3;
+-----+------------+-------+
| uid | percentage | grade |
+-----+------------+-------+
|  13 |         77 | A     |
|  54 |         88 | A     |
|  66 |         78 | A     |
|  11 |         66 | A     |
+-----+------------+-------+

alter command in mysql ----- this command modify all thing releted to  existing table 
using alter table we can add- colunm, datatype,constrains , drop - colunm , rename - colunm_name,table_name
modify - position , name  , set the position of auto_increment also

alter table pg_per drop Full_Name; ---- for delete perticuler colunm
     ---- for change the colunm_name
alter table pg_percentage rename pg_per; ---- for change the table_name
alter table pg_percentage add unique (fullname); ---- for add constrains
alter table pg_percentage add name varchar(40); ---- for add  new colunm
alter table pg_per modify name varchar(30) after pg_percentage; ---- modify position
alter table pg_per auto_increment= 5; ---- set the position of auto_increment

drop and truncat commands in mysql ----
drop command -- delete all data with table  -- drop table table_name;
truncat command -- delete only data of the table -- truncat table table_name;

view in mysql ---- view is use to save your query in database 

index in mysql ---- use to search data fast

create index index_name on table_name(colunm_name,colunm_name);
drop index index_name;
show index from table_name;
drop database preeti; ============ database drop db- preeti